time_sampling,stoc_pol_mean,stoc_pol_std,stoc_pol_max,stoc_pol_min,alpha,delta,time_vpg,time_npg,kl_dist,surr_improvement,running_score,steps,time_VF,VF_error_before,VF_error_after,eval_score
5.778953552246094,12.7554152413756,4.118696028595739,22.33024088718289,-2.305734821866546,0.7872750245832867,0.02,0.013554096221923828,2.654956579208374,0.009327597,0.024475168,12.7554152413756,5002,2.0257577896118164,1.0165614772847629,0.3061455148282876,10.957809096532653
5.297590255737305,13.639365485133961,4.069406997729216,29.403197528515896,-0.4985638092928264,0.6265601383876636,0.02,0.03326129913330078,9.701313495635986,0.009531399,0.026060466,12.843810265751436,10002,2.062650680541992,0.30529465634649455,0.17832950222619046,11.65777177603355
4.333627462387085,14.790867394679884,3.675721763509223,33.08977703634152,0.18413778287644256,0.5674021633779835,0.02,0.040493011474609375,7.76560115814209,0.008407898,0.02818432,13.03851597864428,15002,6.084291696548462,0.13284895581544232,0.10257631550484776,13.72427785056087
5.140997648239136,15.594783979231073,3.809709931800996,31.21298041879289,-3.8760975541784823,0.5232338421330369,0.02,0.01972198486328125,3.203260660171509,0.00808153,0.029556284,13.294142778702959,20005,1.8616111278533936,0.1163662156243241,0.10487920476587449,14.304726102935575
6.444578409194946,16.745073895099704,3.418837052912269,34.62335089475618,2.658946681501826,0.4949369055965165,0.02,0.01277470588684082,9.498609781265259,0.00845623,0.032254126,13.639235890342635,25011,3.27054762840271,0.058897319885823626,0.048670168703892326,16.361246639730673
5.13523006439209,17.764165752121613,3.86123864273919,35.22723252106914,1.20648848209259,0.45403590012197953,0.02,0.02494645118713379,4.992852687835693,0.008562177,0.03514822,14.051728876520533,30024,3.7321372032165527,0.06583037644743941,0.06037021255536091,17.882038939311133
5.032655477523804,19.20529693400278,4.626879485276367,48.31228162787558,9.326854587583103,0.5006293337883418,0.02,0.044457435607910156,4.711366653442383,0.0086021945,0.032412607,14.567085682268758,35029,3.451946258544922,0.08594865083470607,0.07968096973708177,17.431990106390103
4.835238695144653,20.66956395468144,5.872145414671453,49.84729760910597,-3.3923003626420245,0.5969282710460938,0.02,0.04319620132446289,8.597110033035278,0.008316899,0.026306514,15.177333509510026,40040,3.43674898147583,0.1269627248708337,0.11806945753008827,20.493706514570253
4.904332399368286,22.48408278990954,6.83779239636998,46.98660813360096,3.5090555440162468,0.5725912949486381,0.02,0.017326831817626953,8.46506643295288,0.008896786,0.027966874,15.908008437549977,45082,3.6142642498016357,0.12788254757149695,0.11243481697043727,24.15705718921337
4.344535827636719,26.69658900465539,9.096044477250047,65.97202497460934,6.142352439481703,0.641503278626002,0.02,0.05406332015991211,10.236441612243652,0.008762099,0.024964772,16.986866494260518,50125,4.780141592025757,0.1600551508181411,0.12644154074388234,26.959166102286616
4.649105787277222,30.42312485001605,11.194982608627901,62.81987468892352,14.001721448844588,0.563629678455559,0.02,0.009917259216308594,2.964489698410034,0.008586402,0.028400395,18.330492329836073,55125,2.4746930599212646,0.12824155370218565,0.11434453878056534,31.432478097003088
5.256805658340454,34.58672428709991,10.850749856235455,66.5021359685674,17.030738916497153,0.6531324401910708,0.02,0.013616561889648438,10.625606536865234,0.008889199,0.025311008,19.956115525562456,60149,1.640193223953247,0.10225882583659869,0.10064041414906426,36.25936938606482
4.768769264221191,38.61772148539376,11.236292820138278,62.19675490092137,14.61848344442708,0.5665635362038144,0.02,0.024913311004638672,12.370321989059448,0.008708337,0.027474897,21.82227612154559,65170,4.692734241485596,0.07609653268968762,0.0711054911890418,46.236499061162554
4.03064489364624,46.371814159942474,11.729175608629854,74.18429303810568,14.563583411142158,0.7129760272450477,0.02,0.01381993293762207,2.798563003540039,0.008924952,0.022440635,24.277229925385278,70174,1.8068952560424805,0.06693382269315803,0.050924745009160756,54.32028850302064
4.952335357666016,51.91500717260828,11.128181758577446,82.96673062453264,20.43970427261072,0.6969144986052187,0.02,0.05179262161254883,12.164149284362793,0.008820785,0.023470595,27.04100765010758,75198,3.169593095779419,0.05647977468355378,0.03930412722333019,55.19228062275157
4.267522811889648,55.19239523074245,14.240221768604762,122.46898957554063,26.155328199057557,0.9621111305113356,0.02,0.051567792892456055,4.590030670166016,0.009274554,0.016674362,29.856146408171067,80226,1.9524743556976318,0.0887746575110762,0.08178730556475876,57.66084019499523
5.103779315948486,59.743892748868014,12.172043748377378,95.65527604290567,37.96979704730987,0.8844113877299684,0.02,0.0178682804107666,10.30265188217163,0.008629282,0.017975055,32.84492104224076,85269,4.11239218711853,0.0481875213343902,0.03527732698145847,59.90494268541629
4.054208040237427,65.91396206227695,15.404426574768513,110.59570131034391,16.441959812483447,0.8107856844136778,0.02,0.014096736907958984,2.6415579319000244,0.0086828405,0.019254765,36.151825144244384,90295,3.8110291957855225,0.05828813608849945,0.04678603186885811,72.70200691287467
5.244243144989014,72.38091034860801,14.00373129106639,112.94477151441443,47.223592058925874,1.022270656123465,0.02,0.03233838081359863,9.658270597457886,0.00816827,0.016483072,39.774733664680745,95358,1.7997026443481445,0.050943870931649766,0.033031730662942224,73.74556487186759
4.21964168548584,75.42622726506701,15.666684164645837,118.83083159288995,42.99287399677452,0.7579044085278209,0.02,0.007114410400390625,2.595104694366455,0.008312868,0.021731142,43.33988302471937,100419,2.2059710025787354,0.048397853620389474,0.041788415214650106,84.60101676095206
5.88171124458313,86.68903651626286,20.177459019431193,156.17241249011397,28.94445015987849,0.9162642928264889,0.02,0.0916435718536377,8.472907781600952,0.008381926,0.017898465,47.67479837387372,105442,3.3652336597442627,0.05931783062739596,0.045195365531538655,91.48577114321442
4.16447114944458,89.58367189340659,15.865362660067715,129.44575701097844,60.9135119632421,0.7339398712817854,0.02,0.013449907302856445,4.542446613311768,0.008108321,0.022728363,51.86568572582701,110515,5.968279600143433,0.04300529988990377,0.038214166715373483,111.77479787513103
5.299710988998413,102.70395513801164,21.420888627441037,153.31926063259752,45.53529779712131,0.9585162237828422,0.02,0.017090797424316406,4.879353284835815,0.008350476,0.018515563,56.94951266704547,115523,1.7443137168884277,0.06012880110205331,0.04044320718547633,121.05367450850702
4.155735492706299,105.72737527328393,24.896106876230125,182.811754423969,6.24664147683286,0.8467846978197222,0.02,0.008205652236938477,10.830825090408325,0.009757134,0.023972293,61.82729892766932,120599,4.854599714279175,0.049386841113142635,0.04497822838076425,133.3559482119303
4.268531799316406,113.7965902209002,18.04245041258507,157.88136470979566,70.66158469734816,0.8426465750368579,0.02,0.024050235748291016,2.195091724395752,0.008226791,0.018848859,67.02422805699241,125692,3.1556272506713867,0.04260650165075328,0.031095294570218784,135.45494273264998
5.0355141162872314,127.88599133411299,29.95161925692556,186.88468160292118,29.17013745908095,0.8276068600684975,0.02,0.05562901496887207,7.195391893386841,0.008399025,0.019445837,73.11040438470447,130725,3.8812735080718994,0.06049594363545467,0.038598379966117674,145.92480472940412
4.2167744636535645,136.88912162462918,27.265504654072345,220.07820620974104,88.05681286459735,0.9138192148997879,0.02,0.06075000762939453,8.121370315551758,0.00975007,0.021797521,79.48827610869694,135745,4.7416558265686035,0.03329223664630585,0.023868648404111244,164.97885655893143
4.5728373527526855,158.80533188944145,31.80115484544439,248.03096980038467,115.09495118489689,1.1761952256488322,0.02,0.009124755859375,2.2017745971679688,0.009907574,0.017408565,87.4199816867714,140871,3.6477737426757812,0.023217952479820652,0.019091480454386047,168.4923251425122
4.878269672393799,157.1378486893274,36.104014328738394,297.76070935029384,106.66114054993893,1.2953840518579118,0.02,0.013010740280151367,6.096307039260864,0.009554477,0.015075696,94.39176838702699,145942,4.87120795249939,0.018099183033580598,0.01507412889539694,233.52350555288976
4.630516290664673,192.996463003021,63.336827969587404,368.27424331058535,116.99118634416632,1.3281874158535603,0.02,0.015320301055908203,4.803876638412476,0.00998995,0.014065234,104.2522378486264,151038,4.510199785232544,0.031814082114203834,0.02287311336482413,217.31608730634179
4.842014312744141,286.35212904053844,159.4783903526664,738.9950391991836,157.09561468733258,1.0275128439501662,0.02,0.03203892707824707,8.082218408584595,0.009859031,0.017743614,122.4622269678176,156256,5.673412084579468,0.13025137187433403,0.02589902818538853,388.35800747550104
4.845935344696045,349.45176884598254,154.53257671719373,693.096288365573,173.72663447363183,1.3272986048027455,0.02,0.005883932113647461,2.8353402614593506,0.009447814,0.014387593,145.1611811556341,161529,2.340451240539551,0.054821474397615394,0.03028081793352266,611.087177391985
5.643455743789673,548.2203673306354,165.64765904167734,710.3332495984534,269.2707132614767,1.1911580029210198,0.02,0.05824589729309082,8.70023798942566,0.009448603,0.01693845,185.46709977313424,166720,2.2437474727630615,0.03060052564253454,0.009545821378130937,715.8821375006108
6.062388896942139,683.8166658271954,61.30213979824203,730.0543623661357,548.943856676179,1.2258927612714405,0.02,0.06053328514099121,9.364450454711914,0.009988085,0.01796949,235.30205637854039,172381,2.4627435207366943,0.007336854361263572,0.0019597570141058037,728.1129392755962
5.407727956771851,727.703667136417,2.5209489005702648,731.456575944779,723.6056067971128,1.2468108938993556,0.02,0.03804135322570801,10.27278733253479,0.008800205,0.013029634,284.54221745432807,177381,3.108200788497925,0.002326770522915675,0.0006762758114040456,734.5164551207612
4.533447265625,572.947757151885,209.51111058427207,736.594255971907,159.80415128857152,0.8973686944188537,0.02,0.045581817626953125,11.734272003173828,0.0098978495,0.017937109,313.3827714240838,182645,5.478153944015503,0.015014705052139758,0.010025756523854712,735.7464493439054
5.804671049118042,629.6849030666768,203.66795428450496,735.027501053043,138.10634643911456,0.6437771712730764,0.02,0.020055770874023438,9.637911796569824,0.008768096,0.034629703,345.0129845883431,188599,6.8312883377075195,0.00834417137781231,0.007027118989751087,634.4742949857338
4.803748607635498,739.4435360149934,5.306764158593688,748.767291388047,734.7078542489145,1.0675354293978532,0.02,0.036995887756347656,7.645576238632202,0.009083781,0.015574714,384.45603973100816,193599,4.133687973022461,0.0015639677990179396,0.0006107414778032059,743.9344872179693
5.297843933105469,695.1011574989026,98.72991941345188,748.7538044608727,474.5785906708993,0.8310315028534153,0.02,0.030760765075683594,7.92781662940979,0.0098833935,0.02143873,415.5205515077976,199171,3.7594122886657715,0.006310693354179362,0.004770822148543679,748.0888427878265
4.914241313934326,741.1664049375579,5.779992163088408,748.6222193729908,731.4213249747347,1.0488728545659334,0.02,0.04775261878967285,8.49435043334961,0.009773605,0.019155461,448.08513685077367,204171,5.006496906280518,0.0012576435931211769,0.000503443833618302,753.5629964857683
5.8670268058776855,731.0734468028935,49.533027615091605,757.4161298123706,620.5600132029649,0.7291465118254508,0.02,0.07125616073608398,8.546378135681152,0.009791201,0.024192946,476.3839678459857,209936,6.491050481796265,0.0034537204866822977,0.002904882864923279,756.8949886647539
4.726428031921387,747.7523562029938,5.605631129643925,756.4985017132958,739.1438434813091,0.9453696558513207,0.02,0.028500795364379883,6.94815993309021,0.0082673505,0.015273465,503.5208066816865,214936,3.489777088165283,0.0006708723555502145,0.0004224150821440769,761.9308802006699
4.017115831375122,758.9724470421259,4.421662160273655,764.8368986283394,753.5147964239269,0.9457204392319104,0.02,0.027155637741088867,4.631645441055298,0.009903978,0.02944187,529.0659707177305,219936,3.0654563903808594,0.0005195589877313303,0.0003153962838199991,770.8293551566337
3.9180734157562256,770.8833277711416,3.0522186084123333,776.007334577043,767.8151717016964,1.1027096441562227,0.02,0.007315635681152344,1.571885108947754,0.009525004,0.015497951,553.2477064230716,224936,2.5279393196105957,0.00044451379204996777,0.0002888080475168947,775.5598830700275
4.116013050079346,773.6614277034214,7.710373928099666,785.4784670797892,761.7084596030508,0.8654706782409458,0.02,0.007037162780761719,1.5665640830993652,0.009421558,0.016398376,575.2890785511065,229936,2.228527307510376,0.0003172166225078066,0.00027158797230280684,778.1855318245923
4.325472593307495,772.4570473289434,7.258724084174357,779.3249681279163,758.8109451354969,0.8121228330668911,0.02,0.02696084976196289,3.416069269180298,0.009854936,0.03841723,595.0058754288902,234936,2.7168798446655273,0.00025040484667993794,0.00022528362841748288,776.4521617789115
4.307139873504639,775.2528988467051,4.298380544241932,780.7350961351702,768.4739330798488,0.9770646153555992,0.02,0.028481245040893555,4.731094598770142,0.00930083,0.018179568,613.0305777706718,239936,3.1290624141693115,0.0002939844391292545,0.0002643264906951801,778.207494476803
4.634455680847168,783.7371778677872,7.841598816836251,793.3294424791319,769.4587186564224,0.6858704424578801,0.02,0.006707906723022461,5.298831224441528,0.009211706,0.04961804,630.1012377803834,244936,1.6181676387786865,0.00038344919597778436,0.0002333324001323108,785.1799788440367
3.9473531246185303,777.3591520990232,7.2323541916793666,784.6573337289475,766.4713471358692,0.8311575947876974,0.02,0.012568473815917969,1.8205068111419678,0.009783838,0.02234274,644.8270292122475,249936,3.687314748764038,0.00028471314110896254,0.0001944651817614746,790.406999229571
3.974529504776001,790.4483809435008,4.819171487029623,797.38118866102,782.5673236117485,0.9606127688145486,0.02,0.014764547348022461,2.2523179054260254,0.008103904,0.0155798765,659.3891643853729,254936,2.4255051612854004,0.00048724384300211657,0.00016104800690691095,793.1898149488133
4.239037752151489,795.7422419362953,3.8613645555252583,799.4822405784662,788.5463134869881,1.2086677795764713,0.02,0.03244972229003906,3.3050010204315186,0.00987919,0.016446766,673.0244721404652,259936,2.9723620414733887,0.000370513748581738,0.00015885528081701074,796.9387595683648
5.375618934631348,797.9079214688711,3.5841033287350026,801.8027988581864,792.1354838327762,0.7230204166656544,0.02,0.017189979553222656,3.281799793243408,0.009676321,0.034598533,685.5128170733058,264936,1.5812556743621826,0.00017233074225924444,0.00012844078167251104,799.5646756419153
4.542336702346802,800.7143322154752,6.524100528703089,811.4045489659259,793.1868068332614,0.6372155134265598,0.02,0.016243934631347656,2.248758554458618,0.008248893,0.019713946,697.0329685875228,269936,1.782322645187378,0.00018462655451942188,0.00020084487898053012,801.5889354802837
3.7903218269348145,799.110125943115,7.1797393720853435,809.8430898953086,790.2739755453032,0.9555601158723814,0.02,0.034456491470336914,5.017982721328735,0.008448737,0.015771974,707.240684323082,274936,4.266530513763428,0.000247515052592133,0.00017444994812578656,806.8495768364039
3.888484477996826,807.9029480587121,3.102493718483592,811.9228973239135,803.5545189601038,1.0904094665915498,0.02,0.012232303619384766,4.126399755477905,0.008216548,0.012961001,717.306910696645,279936,3.7232069969177246,0.00015837688535103804,8.513752349521158e-05,813.992713663819
4.4812493324279785,812.6675965018165,6.940196322382178,824.2259308778076,805.5815595702977,0.9865039974522376,0.02,0.0053615570068359375,1.7226409912109375,0.008247229,0.01608152,726.8429792771622,284936,1.7082045078277588,0.0001999711280536034,0.00015461190265028958,823.0518282156388
4.713172674179077,820.7091064477802,2.6901736550636848,824.4823716065041,816.7036175527987,0.8571428430092003,0.02,0.00588226318359375,1.613495111465454,0.0088901855,0.018204778,736.2295919942239,289936,2.3246288299560547,0.00024000202987250078,6.73721035385604e-05,829.8608753341543
4.533273935317993,828.2445092917324,3.3084468725237466,832.4436189494049,824.1939315321049,1.048132882009355,0.02,0.013722419738769531,3.2553093433380127,0.0086634075,0.018143687,745.4310837239749,294936,2.4177474975585938,0.0001648351510421891,0.00012445308753330535,836.2088393608068
4.312224626541138,834.0534423764444,3.4918308478765763,840.2763111679125,829.6608773554723,0.8157754248099651,0.02,0.014037132263183594,3.9043002128601074,0.0097613,0.020517686,754.2933195892219,299936,2.397860288619995,0.00014785474222442062,6.461966088103504e-05,840.3589508446761
4.092181921005249,831.0170781278263,6.790333288138278,841.1327331808028,819.7552445536116,0.41100663691336153,0.02,0.036013126373291016,6.123511791229248,0.008940693,-0.052223872,761.9656954430824,304936,2.851585865020752,0.0001611691957979327,0.00012563384720405815,842.1979402600148
3.7938919067382812,838.9075715124712,4.56934096219418,846.6763012493707,833.6053140137178,0.8640281607089961,0.02,0.03403806686401367,5.310498476028442,0.009356054,0.020900507,769.6598830500213,309936,4.150848865509033,0.00011868861631866478,6.437529131968096e-05,845.7102294561425
3.8787431716918945,838.8748758402498,4.170333273695974,844.7056857962107,834.4353794490306,0.8274175563223264,0.02,0.012114286422729492,1.5540614128112793,0.00876921,0.024615118,776.5813823290441,314936,2.388782501220703,7.945506955023065e-05,8.581042792674869e-05,851.0396760380005
4.250678062438965,849.1998191057024,6.236565103236598,854.6122712098427,838.1422028395679,1.0297888201550196,0.02,0.0053365230560302734,1.5561790466308594,0.009889172,0.01742618,783.84322600671,319936,1.571016550064087,0.00018514027476092913,6.975574143771515e-05,854.7506834925443
4.618803977966309,850.31435801029,1.6996429025081528,853.2566096157636,848.6859873952551,0.7268538481882679,0.02,0.021742820739746094,3.747013568878174,0.0092233885,0.023151932,790.490339207068,324936,1.5941572189331055,8.07176423231467e-05,6.367681509059932e-05,689.3273503450548
4.496515989303589,843.3030873678745,12.41992695152477,853.6215570085917,820.2871967068495,0.59270571273424,0.02,0.016034603118896484,1.5985069274902344,0.008723306,0.03383747,795.7716140231487,329936,2.16029691696167,0.00033555317710766294,0.00024679349731846514,691.3878561778586
4.836637496948242,854.6574087415189,3.858512677502656,859.186463249564,849.1697666648772,0.6518256838253301,0.02,0.029076099395751953,2.8897361755371094,0.0093973335,0.051970456,801.6601934949858,334936,1.5519778728485107,0.00011368626570505547,4.677559331617261e-05,857.8830167051112
4.935745716094971,714.2225532653018,311.1978496090096,863.3227410013776,18.46224197128513,0.36941898995844347,0.02,0.04769420623779297,3.0308399200439453,0.008753567,0.03130984,792.9164294720174,339950,1.5496680736541748,0.00372123377955104,0.0031637186122733907,858.4314174091556
4.4692466259002686,856.1232321696107,4.016702824148411,862.0092899915713,851.6828786091963,0.4083319671323352,0.02,0.012902021408081055,3.3660171031951904,0.00898196,0.030897709,799.2371097417767,344950,2.855367660522461,0.00032713926369227066,7.04506879944624e-05,857.7041430136263
4.253440618515015,854.6733864883315,3.572590324767974,861.380131886318,851.4686284089543,0.6526013331388744,0.02,0.02637648582458496,4.71407151222229,0.00898859,0.08294431,804.7807374164322,349950,2.6737334728240967,7.79744280883613e-05,6.511704711445675e-05,858.633114738429
3.873086452484131,855.8972747182191,3.404558654653087,860.5856352868761,852.0880281840107,0.8054284251132239,0.02,0.02529740333557129,5.660058498382568,0.009371816,0.024125872,809.8923911466109,354950,3.6286208629608154,5.5263706989441724e-05,3.688817392629946e-05,861.2037239040164
3.82858943939209,858.2041277439479,1.8169190727841744,861.1321163441623,855.7890953772427,0.7339864236812974,0.02,0.01725912094116211,1.9169831275939941,0.009776257,0.03180179,814.7235648063446,359950,3.4765069484710693,4.935979279575768e-05,3.344937152411378e-05,862.9208981022521
3.947873592376709,862.9426221024345,3.233919166555386,865.8603987980495,856.6737860545828,0.8212648430882032,0.02,0.018445730209350586,1.6889550685882568,0.009417844,0.018416129,819.5454705359537,364950,1.549320936203003,4.341627323393335e-05,3.617753570602709e-05,861.8826989217503
4.678079128265381,726.5924207936451,308.7355681412812,867.4008487687793,36.245577430276114,0.3419450925810249,0.02,0.04162144660949707,2.954955816268921,0.009162021,0.03563915,810.2501655617228,369980,1.5764343738555908,0.007072734723321869,0.00584395988893895,865.35394293019
4.3375725746154785,862.1400948340286,2.579245679208073,865.090682809621,857.3844336126571,0.363594628404535,0.02,0.029579877853393555,5.872793912887573,0.009516014,0.080315806,815.4391584889534,374980,2.256336212158203,0.0005947519000896327,7.085615166761068e-05,865.5758032747742
4.406447172164917,861.4542568977222,4.386981104928812,869.0422813849269,855.4190460091447,0.6185403647953244,0.02,0.018630027770996094,1.5875787734985352,0.009529445,0.024957877,820.0406683298303,379980,2.8813865184783936,8.665949144397038e-05,5.8195857601377935e-05,865.4823431595562
4.673407077789307,862.0304350039096,4.316094738710828,868.2414034633931,856.2949548838576,0.6584209770285614,0.02,0.010890007019042969,1.5581488609313965,0.009662831,0.030335367,824.2396449972383,384980,1.7110259532928467,0.0001131859360782813,9.395870860551103e-05,865.3810698675488
4.470585107803345,861.9121846970435,5.047650472842327,868.7170494865943,856.140540229856,0.681235829573385,0.02,0.03403043746948242,2.4328773021698,0.00923456,0.020363051,828.0068989672188,389980,1.6218419075012207,5.509772165957993e-05,4.658223919829895e-05,865.5563319850602
4.26072883605957,862.2720974820501,3.4292370976544584,868.3264588874596,857.8755882735794,0.7103140897954328,0.02,0.009389162063598633,5.32535195350647,0.00935526,0.023508115,831.433418818702,394980,2.2763888835906982,4.034217798740049e-05,2.466607427915203e-05,866.0327448396134
3.8235204219818115,863.9550693872864,3.6757548307858623,867.7996212701323,857.7596488540578,0.6184886442751852,0.02,0.030473947525024414,6.276344537734985,0.009428861,0.03624588,834.6855838755605,399980,2.9322056770324707,5.4209951001377e-05,3.8429730850719896e-05,867.3355068161978
3.765209674835205,860.2433870739721,3.9222735968523366,866.756678990402,854.6631790230217,0.8003688023113036,0.02,0.006156444549560547,5.57326078414917,0.009705512,0.03575226,837.2413641954016,404980,3.9974286556243896,6.092743555021291e-05,4.109014465453457e-05,868.9520622631768
3.806638240814209,865.753643853488,0.8103179085875206,866.5862162531786,864.4363015877741,0.5067914222681176,0.02,0.006519317626953125,1.9268734455108643,0.009104342,0.066469535,840.0925921612103,409980,3.063055992126465,4.837410391504874e-05,2.988668244076793e-05,870.6661344846225
3.7906088829040527,865.5681016422237,3.358369788738712,869.5468138794068,861.078845048222,0.7682423646795532,0.02,0.006695747375488281,1.5987067222595215,0.0096045025,0.015321548,842.6401431093117,414980,1.6845147609710693,4.40908969140879e-05,3.6200544907902063e-05,870.9449426836103
4.640954971313477,866.7082406848092,4.0228398207056975,871.0832164683947,859.7734257995562,0.5295763706586073,0.02,0.0230405330657959,2.4258177280426025,0.009393549,0.020976877,845.0469528668614,419980,1.7315495014190674,4.518908851834696e-05,3.563319895621164e-05,871.2442193947552
4.263156414031982,866.5341138374384,1.417033032680122,869.2439004776778,865.3576438982412,0.53852515041456,0.02,0.012423038482666016,2.6360228061676025,0.009539641,0.0286458,847.1956689639192,424980,2.9250223636627197,3.467827512475871e-05,2.6711636970913727e-05,871.3900217282417
4.034444808959961,868.374424819766,2.1005249736917144,870.5783335197245,864.5019200636618,0.5230622601586824,0.02,0.016639232635498047,1.5411365032196045,0.009016653,0.043437522,849.3135445495038,429980,1.5955862998962402,3.165475386620789e-05,2.3699984404161618e-05,873.4433064471656
4.5264198780059814,867.8538152483097,4.204443342964916,872.8540346248025,861.7962752170906,0.5760047947131876,0.02,0.008901119232177734,1.5267038345336914,0.009188478,0.045487504,851.1675716193845,434980,1.5818321704864502,2.781555395492107e-05,1.936101410616765e-05,874.0563995462404
4.382384300231934,872.2189683895791,2.8661403084896895,874.7608194166421,866.7063500591356,0.46287243531053934,0.02,0.015058517456054688,6.068081855773926,0.009783037,0.03332551,853.272711296404,439980,1.5271382331848145,3.645641333088286e-05,2.206917268194631e-05,875.4242182986807
4.227112531661987,869.4226221136465,2.619856381652952,872.3358133871268,864.6897147856956,0.48612600173515846,0.02,0.013312816619873047,2.7020463943481445,0.008403363,0.04951505,854.8877023781283,444980,3.1542608737945557,2.1599821992151745e-05,2.094506884223591e-05,876.0396408653771
4.401148796081543,874.8226848481211,1.9488390177155555,877.8286222244994,871.6718545037007,0.7259675685654527,0.02,0.004714250564575195,1.7218317985534668,0.009627086,0.021026582,856.8812006251277,449980,1.5798959732055664,1.9241084183104685e-05,1.3484956486572007e-05,877.3086191253885
4.996102333068848,871.9985443513866,2.8104499805216596,876.3517293513052,867.754010282602,0.5268369450647972,0.02,0.009268999099731445,1.6820485591888428,0.008619482,0.022831783,858.3929349977536,454980,1.5633106231689453,2.0584791012724985e-05,1.4179293232239882e-05,878.3709832951502
4.554267644882202,874.4577431279273,2.4596728346072516,878.9793899917386,871.6612884613384,0.740933652650774,0.02,0.011794090270996094,4.828528881072998,0.009778903,0.015135588,859.9994158107711,459980,1.6998052597045898,1.924398440985226e-05,1.6549940817515745e-05,878.3922020635695
4.052839279174805,876.8891590662128,2.906789446309062,881.6974202058551,873.4612528707971,0.6219028203732742,0.02,0.032938241958618164,6.06828498840332,0.009354514,0.02453627,861.6883901363153,464980,2.116868495941162,1.850140709820365e-05,1.569652912789406e-05,879.3879047071925
4.009627819061279,876.7191444409021,1.6704444607452147,879.2316450802658,874.9106712492172,0.7355147224752221,0.02,0.022031784057617188,4.851525545120239,0.008406504,0.013800599,863.191465566774,469980,3.2374114990234375,1.835475791075971e-05,1.771217134673692e-05,879.5495923914237
4.551756143569946,876.7541738294871,3.4985026500753276,881.9337572639648,871.5490788460472,0.5429227322706964,0.02,0.006960391998291016,1.533834457397461,0.008166129,0.056669123,864.5477363930453,474980,1.676522970199585,1.6457462603102128e-05,1.1445555818206942e-05,880.2813853520865
4.151515245437622,875.9310304422357,2.4026929853748498,878.4495087688704,872.9166707660243,0.6413922735810144,0.02,0.012982368469238281,4.11797308921814,0.008128079,0.028338326,865.6860657979643,479980,1.7184569835662842,1.978918511744993e-05,1.622104498520064e-05,880.7803882281926
4.195029258728027,876.5296882923869,3.1058877327760936,881.0288882128378,872.9862509171729,0.636648716840841,0.02,0.005800008773803711,3.7574288845062256,0.008274574,0.028091662,866.7704280474065,484980,2.408202648162842,1.2159400020361468e-05,1.0428842015333147e-05,879.957311374634
4.74634051322937,874.2833595277632,2.022476670338551,877.550228985288,872.3440300402046,0.6404304142745355,0.02,0.011142730712890625,4.030035018920898,0.009756199,0.03079269,867.5217211954423,489980,2.2551052570343018,1.602797990982339e-05,7.455214289118439e-06,880.6504289425399
4.7688915729522705,878.4380604856411,2.7026376898219335,883.2011946424445,875.3525362052163,0.3906208483251933,0.02,0.019056081771850586,4.026791095733643,0.009354357,0.042466477,868.6133551244623,494980,2.037440776824951,1.663829578718856e-05,1.0895799456438612e-05,880.8825864660496
4.478011608123779,878.6899268411701,1.0756317545345038,880.0371245603891,877.4813483307618,0.5285162390252433,0.02,0.011978626251220703,3.77225399017334,0.009343076,0.034470316,869.6210122961331,499980,1.9203212261199951,9.331479362388428e-06,1.0490069123471613e-05,881.4645327779866
4.383748292922974,876.8054414458105,3.3214518147948144,880.7736452412381,871.3998782877734,0.43375683719152913,0.02,0.07664060592651367,3.42510986328125,0.008820491,0.032466907,870.3394552111009,504980,3.0620505809783936,1.1577376690141345e-05,8.015041738453163e-06,881.8630774655214
4.52409553527832,879.2505718444236,2.7809941347230263,882.4051038846608,874.6639332778445,0.5193315727073079,0.02,0.027963876724243164,3.0513932704925537,0.009449535,0.051006924,871.2305668744332,509980,2.89605975151062,6.92791666359804e-06,7.4692102322005844e-06,880.9375867855495
4.151792287826538,881.6560446096444,2.7542560702299865,884.439107600633,876.6356018399591,0.4297788622145069,0.02,0.014216423034667969,4.650137901306152,0.008574521,0.033662643,872.2731146479543,514980,2.3322839736938477,1.2969250565684042e-05,1.182141099465877e-05,881.8862858204157
3.7658660411834717,878.7613661219821,4.100461202138863,886.4420664956374,875.2104544793684,0.5610388116423762,0.02,0.008324146270751953,5.060547590255737,0.009546759,0.026100272,872.9219397953572,519980,3.635016679763794,8.665593350197342e-06,7.408629683109611e-06,882.5540551975049
3.6928391456604004,879.3434829780579,3.123281556134938,884.8267063286709,875.69535976771,0.5313282206430627,0.02,0.008631229400634766,1.3619518280029297,0.00940814,0.033217415,873.5640941136273,524980,2.199446678161621,1.292339510973835e-05,7.766409244467283e-06,883.066660162314
4.112737417221069,876.9468934663488,6.919937784497827,884.0459817118423,863.782882617691,0.271129171443386,0.02,0.006176471710205078,1.2992892265319824,0.008935022,0.03538446,873.9023740488994,529980,1.8603277206420898,2.6870371915755465e-05,1.984728709511872e-05,882.7448920164558
4.670564889907837,880.6947315237849,1.547052403102461,882.8776555836366,878.5414209507913,0.47334677503210093,0.02,0.012624263763427734,3.878514528274536,0.008973554,0.07184405,874.581609796388,534980,1.7625629901885986,1.7047428064897315e-05,1.8375375113289642e-05,883.486478076881
4.34682297706604,876.3689207623327,4.045962325407562,881.8304322971619,870.7410891601344,0.4587347918962546,0.02,0.006644248962402344,2.6675641536712646,0.009150115,0.023589252,874.7603408929824,539980,3.323909044265747,3.6823828358299946e-05,9.297540701697044e-05,884.4792332557284
4.213388204574585,878.6637838340554,2.4974303451912263,883.1832933743485,875.8279602799357,0.6035507033672733,0.02,0.01837611198425293,1.5339913368225098,0.0086915335,0.02193814,875.1506851870897,544980,1.8100254535675049,5.029279614828418e-05,4.386217787516049e-06,884.1046737887049
4.638027906417847,879.594500192723,3.088565773209294,883.0186321717283,874.2295527329271,0.5958323429672892,0.02,0.025766611099243164,1.8752846717834473,0.009873199,0.035957783,875.5950666876531,549980,1.7757823467254639,7.795906224088777e-06,6.5568746305354124e-06,885.129643412383
4.642924547195435,881.8618717289237,3.0681601990476817,886.1077699996761,877.040654279124,0.5050654938794998,0.02,0.029277801513671875,5.289066314697266,0.009835989,0.012013049,876.2217471917802,554980,1.7819745540618896,6.728936708292647e-06,5.797729356564013e-06,884.696862397305
3.99519944190979,883.8007028625068,2.2625166676275157,885.7432434448141,879.4246551559565,0.6517086686817201,0.02,0.05733680725097656,4.954130411148071,0.009106461,0.031240705,876.9796427588528,559980,3.9996206760406494,1.2084951934337564e-05,9.79884739180373e-06,884.8452219690869
3.7543835639953613,882.5301593904217,2.0529644338961024,885.3380177559393,880.374557099032,0.7227693901661701,0.02,0.009994268417358398,2.2115848064422607,0.009854277,0.02581258,877.5346944220097,564980,4.154473304748535,1.2939141011226593e-05,1.2462796222721502e-05,885.6905810513668
3.6312131881713867,883.4385005554952,2.795104765438891,885.9971403332544,879.0950325724182,0.5646191648277887,0.02,0.008603096008300781,1.372574806213379,0.0095663825,0.039096937,878.1250750353582,569980,1.5669727325439453,2.0151425514295515e-05,5.7931341931146615e-06,886.2087551970142
4.423823118209839,884.1003593116724,1.6222861188111888,886.1270577886835,881.5706160829048,0.5492464664793469,0.02,0.00850987434387207,1.3286170959472656,0.00908316,0.03194145,878.7226034629897,574980,1.5506935119628906,1.063824470550349e-05,9.654150436398555e-06,885.2852692026203
4.21244478225708,884.1405466982693,2.085472518764735,887.3992428536336,881.2807140763449,0.5637024892101148,0.02,0.025100231170654297,3.719242811203003,0.009275295,0.037676074,879.2643977865176,579980,1.5912508964538574,1.012221080837775e-05,3.6704982183531123e-06,886.7364624855836
3.9609310626983643,885.1415343939855,2.7098091146198477,889.8195171263067,881.9062034475752,0.6363169744433969,0.02,0.005577802658081055,1.3629038333892822,0.009153582,0.05195671,879.8521114472644,584980,3.060882329940796,4.965900064437214e-06,4.688573121037677e-06,887.3562375845252
4.248539686203003,884.8097813107681,2.194509238688457,887.7177244623101,881.1739036408459,0.6576591440344721,0.02,0.006025552749633789,1.4153904914855957,0.008782911,0.02913392,880.3478784336148,589980,1.574988842010498,5.196656127171998e-06,5.752112262493464e-06,887.0856281405544
5.18180513381958,886.3984891367472,2.761795749800698,891.1661340468528,883.9161385474858,0.500691407410337,0.02,0.013451576232910156,1.5957307815551758,0.00943136,0.04681013,880.9529395039282,594980,1.5726187229156494,4.191614474503932e-06,8.597690649244096e-06,887.1616561221869
4.345629453659058,881.9668635372815,7.472442139140213,888.6736503363632,869.8487157833991,0.4263151051322263,0.02,0.03856921195983887,4.925809860229492,0.009072567,0.010645417,881.0543319072635,599980,2.5124247074127197,1.6966228230574755e-05,1.4532165440257906e-05,887.4816606005821
4.179734945297241,885.1022577770324,3.3611846331009403,889.7667185827034,879.5898883259576,0.5149619049782226,0.02,0.015306472778320312,3.5962977409362793,0.0089759445,0.05033508,881.4591244942404,604980,3.459050416946411,1.447964946898057e-05,5.155535608058254e-06,887.169560132774
4.4000678062438965,886.3621586806048,1.9825114042753207,888.4298359527049,883.0968198150618,0.47991632742551493,0.02,0.021204471588134766,1.4440982341766357,0.008060602,0.11511728,881.9494279128769,609980,1.788283348083496,8.76321063511209e-06,5.236440296767583e-06,886.2088336241173
4.369873523712158,884.471284745651,2.2031752808800733,887.8667347679041,882.5558267853103,0.6468363936862586,0.02,0.014799118041992188,2.709333658218384,0.008327597,0.02973891,882.2016135961544,614980,1.661438226699829,4.30728504567167e-06,8.430404886312568e-06,887.0043274122988
4.456334352493286,883.3938916149955,5.19495934142138,890.3182373471438,874.8971021214013,0.32126662389804844,0.02,0.0323481559753418,3.5643036365509033,0.009392141,0.038956832,882.3208413980385,619980,1.5775909423828125,3.978749895882104e-05,3.0522836168016056e-05,886.3491172989601
4.5131824016571045,883.2703499499769,2.421902460172841,885.5289844300902,878.6133402430634,0.4061662144597435,0.02,0.03480982780456543,3.5825064182281494,0.008333934,0.03667083,882.4157922532323,624980,3.0404434204101562,1.9266372672345195e-05,9.745718579492373e-06,886.6480807218808
4.570694923400879,887.3015592447106,2.6349127725027013,891.503752070228,884.6185993735264,0.5145109005313419,0.02,0.033634185791015625,4.276315927505493,0.00934117,0.06593199,882.9043689523802,629980,2.6462771892547607,1.3713170896341238e-05,3.965688291184985e-06,887.0438321983502
3.8781590461730957,884.3044642869236,0.7825091713577571,885.4453409459924,883.3261506498835,0.6528764743671465,0.02,0.019562482833862305,4.461296796798706,0.008159167,0.020662155,883.0443784858345,634980,3.549541473388672,6.7638283016189655e-06,4.201680112395921e-06,887.8465664620062
3.793987989425659,755.2267843175754,295.1255961552354,890.6916827058254,95.32161479637784,0.34702451110879073,0.02,0.008020877838134766,1.3309335708618164,0.00935465,0.036863077,870.2626190690086,640072,3.778081178665161,0.010057856422593733,0.006912273153672967,887.4481001527399
3.8552708625793457,885.0712312771504,1.6871925267215175,887.8521932417794,882.6116663261197,0.5413018241093654,0.02,0.0062198638916015625,1.516528606414795,0.0098629445,0.050294165,871.7434802898229,645072,1.5787618160247803,0.001193978722769824,9.22410854475134e-05,887.0801614389868
4.718495845794678,884.9265743707201,2.5380512492182428,888.2255843912403,882.0138282892259,0.3106810804453908,0.02,0.024539470672607422,2.1929967403411865,0.009184844,0.08272859,873.0617896979126,650072,1.551285743713379,7.11282846833753e-05,4.041591479915811e-05,545.469061829411
4.370581388473511,883.4074581894486,4.963241696819967,888.5589024090766,875.4361762869536,0.3388071820084251,0.02,0.04083871841430664,6.106078624725342,0.008516444,0.04853484,874.0963565470661,655072,2.869455575942993,4.8806334638449424e-05,3.7247880158780776e-05,568.860686961383
3.902305841445923,886.3668788859175,3.391041717463853,890.3454167960177,881.3205430417333,0.43008020197347563,0.02,0.023158788681030273,3.175873041152954,0.008054913,0.095798545,875.3234087809512,660072,2.387462854385376,3.313536671910505e-05,2.0343349300544077e-05,716.7060181592719
3.751818895339966,886.2492021177204,2.7412834414309146,889.8057475278512,881.7228797089483,0.42669304353371923,0.02,0.0057108402252197266,1.8990342617034912,0.008715333,0.6620663,876.4159881146282,665072,2.687803268432617,2.2473464329527203e-05,1.4377869318579688e-05,887.102032828753
4.611110210418701,888.5135921653155,1.7592331332522937,890.7276669407312,885.956635910683,0.5172081273200249,0.02,0.0066301822662353516,1.7128486633300781,0.009096265,0.05629671,877.625748519697,670072,2.5386343002319336,1.5157181976256666e-05,1.0262893736424417e-05,717.1284679881035
4.318759441375732,885.5346516525163,2.7676435118990517,890.1537035102332,882.442044650268,0.6070171251197953,0.02,0.02383899688720703,2.556156635284424,0.008843173,0.06407973,878.416638832979,675072,2.085343837738037,1.0246168526706406e-05,9.366167452205878e-06,889.4606472864255
3.6974802017211914,888.7636078517655,3.835129203839584,893.4086143180796,881.8817222239074,0.6331821677178366,0.02,0.005545377731323242,3.9349236488342285,0.009618747,0.019592643,879.4513357348576,680072,3.9301915168762207,1.8143355161164918e-05,1.1766972557850942e-05,208.9176529811049
4.096993923187256,747.6847173609493,315.6240142560879,890.8478200951647,41.932630516641645,0.33640158859264957,0.02,0.01141047477722168,1.544532060623169,0.009318007,0.03084749,866.2746738974669,685098,1.6157677173614502,0.005481966151980487,0.0046316007085970695,549.4876715490682
4.616418838500977,747.9420486007149,311.88373370553535,893.4508932740783,50.58145183095401,0.4455643568458054,0.02,0.006594657897949219,4.3316333293914795,0.008377079,0.040563237,854.4414113677917,690134,2.1014344692230225,0.005981334291372601,0.005108042353508985,376.5656132802368
3.955251693725586,639.9835754148629,393.33593038161456,891.7469369285044,17.471404683077147,0.6493916200184362,0.02,0.006882429122924805,1.3042933940887451,0.008702276,0.028277714,832.9956277724988,695166,3.336134672164917,0.005800734128880291,0.005477495691260261,376.45306858264115
4.792313098907471,645.4543864196654,383.79061540297783,889.1872721347296,35.42402807395291,0.4313344075627063,0.02,0.010769844055175781,1.3619637489318848,0.008912681,0.026451847,814.2415036372154,700212,1.559678077697754,0.007686481779562539,0.007183063774537926,718.244305738
4.622462034225464,889.2484042420314,1.814377691848981,891.7420256832748,887.317724840318,0.39881271360775267,0.02,0.03387451171875,4.298202276229858,0.009302494,0.0239419,821.742193697697,705212,1.3939714431762695,0.0016761331238737461,0.0002177114269989013,888.4133912956167
4.241352558135986,886.9898285095754,5.346095443643073,894.91308846633,879.6177469666363,0.39111662341391173,0.02,0.01822352409362793,1.5671708583831787,0.009244752,0.039262194,828.2669571788848,710212,3.0235886573791504,0.0002678046337452373,0.00014185236450542732,888.8504315999498
4.411007404327393,887.7554414322188,1.9240116215492271,889.5605557103551,884.1634400862483,0.2718353380991889,0.02,0.038094282150268555,1.3866314888000488,0.009715537,0.07658857,834.2158056042182,715212,1.4868898391723633,0.00010199756572908643,7.343189953161905e-05,887.8081245278394
4.4484288692474365,884.6274002800607,4.6916154087581114,889.6158407550882,875.6982284433261,0.33912649172782977,0.02,0.02239060401916504,1.720649003982544,0.009573675,0.020581435,839.2569650718024,720212,1.4907512664794922,7.507145637474599e-05,5.306312597310177e-05,886.6953592880866
4.489652872085571,888.0508178725153,1.6210485787239615,889.9604362099913,885.4984465164848,0.25028211154460867,0.02,0.024453401565551758,4.459776401519775,0.009020387,0.04286275,844.1363503518737,725212,2.1365201473236084,7.77889504118038e-05,5.852278768771278e-05,888.5767685638912
3.8656556606292725,884.9757728788878,4.55824428867667,889.038249237078,876.4797007692134,0.5922880687218063,0.02,0.00893402099609375,6.046792268753052,0.008198862,0.016266827,848.2202926045752,730212,3.0196762084960938,7.851529319676257e-05,5.48434811133546e-05,888.686972267276
3.696321964263916,886.1098891261274,0.725251118017786,886.9941137453536,885.0951057083365,0.4649750470020101,0.02,0.01053619384765625,4.612061500549316,0.00927037,0.028341305,852.0092522567304,735212,3.734282970428467,3.475756015421679e-05,2.3935853721930098e-05,886.1995789193603
4.067136526107788,887.4918483458957,2.7894980525452335,892.0551068309484,884.1558446303708,0.35038244453292067,0.02,0.008621454238891602,3.3490896224975586,0.009424437,0.15901926,855.557511865647,740212,4.540318012237549,2.667727775917235e-05,1.8492378901901525e-05,886.9583851844945
3.742924451828003,886.949372149354,2.7167641149256685,890.896712638818,883.3047535636471,0.5216564745831829,0.02,0.0077779293060302734,1.4088640213012695,0.00929795,0.0361536,858.6966978940178,745212,1.85593843460083,2.8027614801303293e-05,2.1427773781982306e-05,713.9890788063501
4.537110805511475,506.29023768078537,423.32711069259875,887.7814594601174,27.518057389300086,0.5335218227403778,0.02,0.019005298614501953,1.3553431034088135,0.008830355,0.027649794,823.4560518726946,750302,1.587921142578125,0.020856719566411528,0.012664441218534932,542.3884172236802
4.308959245681763,641.2816728781893,386.3391059235787,888.2246119070346,27.614561461033432,0.4829713105167272,0.02,0.01906132698059082,4.638154029846191,0.008570985,0.03395144,805.238613973244,755344,2.849478006362915,0.008802674732836508,0.007475366036665991,886.3744507631611
4.3596110343933105,889.1182710076937,2.5938608753510315,891.9919005123481,885.2781442124991,0.5183399438910906,0.02,0.007772684097290039,1.2655189037322998,0.008809923,0.06791033,813.6265796766891,760344,1.4029645919799805,0.00213805603824724,0.00017976455277118655,887.2912603840759
4.813832998275757,891.3407705016136,1.727555554104406,893.2519260613599,888.8198114019169,0.39618850603962547,0.02,0.016067028045654297,2.425260305404663,0.009494444,0.10283424,821.3979987591816,765344,1.38881516456604,0.0001421630269710585,6.970658985274168e-05,888.8398275155175
4.545711040496826,885.9137276121595,1.5685070245589767,887.5162963326923,883.5753181937614,0.4088045041889094,0.02,0.024257183074951172,2.8272829055786133,0.008447001,0.032237142,827.8495716444795,770344,2.180791139602661,7.997769640485007e-05,5.385433547823269e-05,887.5612329598683
4.486707448959351,886.6468465663553,4.382661298774181,892.0283415599187,881.1662901203148,0.5800707859299118,0.02,0.024932384490966797,2.7810020446777344,0.008625945,0.015134162,833.7292991366671,775344,2.427539587020874,4.941862106729153e-05,4.2461905899934134e-05,888.3518498553079
4.1919004917144775,885.8896099887806,4.475271444372075,890.5088945109391,878.230220644986,0.34167354500245567,0.02,0.011026144027709961,2.004653215408325,0.009436678,0.10708006,838.9453302218785,780344,2.1750056743621826,4.907406022158141e-05,3.8660158389944185e-05,888.2103271361805
3.820528268814087,888.1220075628553,3.6271345472224543,890.4925468033282,880.9377041639167,0.38712042025472543,0.02,0.018033981323242188,4.925570964813232,0.0086142635,0.04114464,843.8629979559762,785344,2.7852630615234375,4.7780543672588476e-05,4.8286756584748124e-05,888.4787551379188
3.7657053470611572,886.583588706334,1.7303928939645044,888.8550152036998,884.5757629614153,0.49012386602780506,0.02,0.005972623825073242,1.328284740447998,0.008915036,0.0666737,848.135057031012,790344,2.4600155353546143,4.5175563488134944e-05,2.9828226706285316e-05,887.8869398789327
4.042613506317139,885.8891116636563,2.628777566915999,888.3787824256093,881.0939445111683,0.4242256660304305,0.02,0.0057981014251708984,1.2533931732177734,0.008859404,0.044403434,851.9104624942764,795344,1.3148670196533203,4.661390611427937e-05,3.39140710841168e-05,888.0688900584291
4.682732820510864,888.4529943740154,3.289518404061396,892.9410607532113,883.5875417745823,0.637025336014979,0.02,0.02003955841064453,3.7090070247650146,0.009421859,0.021690395,855.5647156822504,800344,1.5615472793579102,2.7421488517241424e-05,2.7561330221843667e-05,888.0040040532525
3.9846441745758057,884.0628310086497,2.3449738514857623,886.058780895193,879.577536064802,0.553313860103183,0.02,0.03563570976257324,4.98571252822876,0.0081821205,0.039344538,858.4145272148903,805344,3.942007541656494,3.998557505776067e-05,2.2524447172842405e-05,888.2689733363231
3.937795400619507,752.0005900883616,294.5629175649158,889.3094723635741,93.37080029147764,0.3962785860389374,0.02,0.007256031036376953,3.407379627227783,0.009091759,0.03359749,847.7731335022376,810439,3.6893911361694336,0.00814128952209356,0.005317079815981226,887.920675349098
3.96645450592041,888.1141415558961,2.376588684663876,890.722019509091,885.2328552236753,0.45445850597865983,0.02,0.007109165191650391,1.3948860168457031,0.009660627,0.0602047,851.8072343076035,815439,1.4487860202789307,0.0010611863751901814,6.843649343726078e-05,885.6561738878956
4.862031936645508,883.9131477700241,0.8677494510073008,885.410815271788,883.0014465142308,1.0471305167246647,0.02,0.00539088249206543,1.5222880840301514,0.009491302,0.023441022,855.0178256538456,820439,1.3483726978302002,9.526974459544064e-05,5.1080785991649165e-05,887.7068566987873
4.427492618560791,884.1673371802459,1.9900553637009362,886.1698942336424,881.2759305198167,0.4290461471139516,0.02,0.019408702850341797,3.61397123336792,0.008609916,0.070710294,857.9327768064857,825439,2.613074541091919,4.2009718547382975e-05,3.067109700573007e-05,887.9857926787508
4.17524266242981,885.7447667011999,2.5425816447024214,888.8078958160793,881.6501190238143,0.5058113657115882,0.02,0.007109642028808594,1.3830373287200928,0.008808698,0.030082904,860.7139757959571,830439,1.5309491157531738,4.444765932358087e-05,3.419570223774239e-05,888.1914321590024
4.245596170425415,887.8304685583364,2.875494725358211,892.2779521658509,884.0189749241673,0.5679121747574669,0.02,0.007549285888671875,1.7200300693511963,0.009241808,0.021302082,863.4256250721951,835439,1.4842064380645752,3.1391022567144074e-05,2.120856932687738e-05,887.8896664507265
4.630028963088989,888.1915753397694,2.165387267866936,891.9004773358987,886.4339292606679,0.641779439745491,0.02,0.029889345169067383,2.1607065200805664,0.009004704,0.024605881,865.9022200989526,840439,1.4534482955932617,2.439662559964879e-05,2.0302523966220915e-05,888.4273878355128
4.412520170211792,888.3853732084699,1.8853597235900144,890.6033768534954,885.7743961825773,0.2862834134174986,0.02,0.041937828063964844,4.2492125034332275,0.009372672,0.024954699,868.1505354099044,845439,2.510021686553955,2.4735105060219103e-05,1.8083070455810636e-05,888.1503193526511
3.916987180709839,884.963406564432,3.9669302682345586,889.9535923273005,880.8753274707974,0.55479223185776,0.02,0.013702869415283203,4.8079328536987305,0.008316991,0.025288066,869.8318225253571,850439,2.410266160964966,2.663205823681471e-05,1.6181758329594336e-05,889.4399699428459
3.8063621520996094,884.8784930487296,3.0131669389399525,888.2473508632489,879.4793721549571,0.684077994210102,0.02,0.01769566535949707,1.331683874130249,0.009203046,0.024017379,871.3364895776944,855439,3.074530601501465,2.0427552453679838e-05,1.6506437812330034e-05,888.8088748855783
4.119032621383667,888.2934187526502,4.299582359493518,893.468702343827,882.2753259360421,0.476066039096826,0.02,0.008411169052124023,1.3687512874603271,0.00916965,0.04931591,873.03218249519,860439,1.608665943145752,2.3120199170727527e-05,1.863333695385794e-05,888.8313439576893
4.716239929199219,887.3131186229123,3.448696142233747,892.245255710691,882.9692115745277,0.6239191099381896,0.02,0.027438640594482422,3.5279481410980225,0.0088692065,0.021672605,874.4602761079623,865439,1.689849615097046,1.5511215359362448e-05,1.2782661420330844e-05,888.9227189676085
4.260952472686768,887.6402167192597,1.6551792514634112,890.474429519547,885.7740122630487,0.6222755047926504,0.02,0.08801507949829102,4.67348575592041,0.009003834,0.029913105,875.778270169092,870439,2.54962158203125,1.529328006522655e-05,1.3883829723951027e-05,889.0389131550298
3.7635586261749268,888.9016021665902,3.905663351057605,894.2734168560207,884.9967731925556,0.6595065854881594,0.02,0.007204532623291016,2.4167721271514893,0.009370894,0.030474965,877.0906033688419,875439,4.16241979598999,1.9816412204130636e-05,1.7852937366461433e-05,889.6712447344495
3.7173526287078857,886.3601538283822,0.8606365793144805,887.4028758631955,885.1313542075651,0.7257982287858694,0.02,0.005334138870239258,1.3222839832305908,0.009285667,0.05738118,878.017558414796,880439,1.6042726039886475,1.1022685471030461e-05,5.846790423880533e-06,890.1441231281827
4.6210362911224365,887.6131075757391,3.2046399078709555,892.0901994050173,884.1729619185263,0.6903808123896524,0.02,0.005269765853881836,1.3454017639160156,0.009028268,0.030027477,878.9771133308903,885439,1.6297268867492676,2.4822077019210525e-05,2.094746167070744e-05,890.7959987616393
4.802212715148926,891.3621509935838,2.151077135863468,894.4935972723727,887.7594432970462,0.6588259236073962,0.02,0.11299347877502441,3.792576313018799,0.00866592,0.036350682,880.2156170971598,890439,1.584784984588623,2.3439161760705668e-05,6.2881689799783845e-06,890.9636487972764
4.0971221923828125,892.0370250326554,2.6718117660292418,896.0863247264734,888.2058131243165,0.4109736375930781,0.02,0.01824164390563965,4.681365013122559,0.009193843,0.045558628,881.3977578907094,895439,2.8308494091033936,7.625599628357832e-06,8.807783533611095e-06,891.7216241467922
4.301692247390747,891.0431201140045,3.5781595883545063,895.0761854760549,885.6617321111722,0.6353516255083352,0.02,0.020948410034179688,2.3425357341766357,0.009643806,0.02614736,882.362294113039,900439,1.3959712982177734,1.1778254009735778e-05,8.990591863483181e-06,891.1674795304549
4.072951316833496,890.3479168904676,3.1684891658552212,894.3467013273503,886.5231253159717,0.7714328630965568,0.02,0.025459766387939453,3.548945665359497,0.009922264,0.036048636,883.1608563907819,905439,1.6902508735656738,1.1556285157876435e-05,8.853965446363398e-06,891.3598814323271
3.956897735595703,889.0447194380079,1.7984325149299556,891.320124299821,886.3531675076125,0.7341855536461074,0.02,0.008424997329711914,3.0892715454101562,0.009359857,0.028704366,883.7492426955044,910439,2.5910048484802246,1.4418847137349454e-05,1.5956595775953536e-05,891.5911914643409
4.036552429199219,891.151856199057,4.146051555450834,897.1529528289965,887.2341803343644,0.7519456018218081,0.02,0.007201433181762695,2.3763790130615234,0.009251354,0.012745945,884.4895040458597,915439,2.084414482116699,1.83927044684783e-05,1.0308074170825391e-05,891.3270196679026
4.1860620975494385,892.322266953146,4.315310657178354,895.6197612673091,883.9154750783669,0.6710549768614312,0.02,0.007738828659057617,1.3342421054840088,0.008522635,0.023826223,885.2727803365883,920439,1.9440100193023682,1.2671262310242112e-05,6.2843522348035984e-06,892.4396294584045
4.1682257652282715,889.3187269567159,4.787432437762752,895.5289663779885,881.0600370921203,0.5380474260687763,0.02,0.04022216796875,3.395454168319702,0.008966266,0.022991328,885.6773749986011,925439,2.286008596420288,1.98464431144402e-05,1.6470983009454096e-05,892.7359487703588
4.048977613449097,888.58477991978,3.1989456865138477,894.4703666731624,885.3788301352555,0.5435062437531738,0.02,0.01813364028930664,4.703206777572632,0.009797095,0.02706967,885.968115490719,930439,2.469115972518921,2.5045931117255813e-05,2.3344711123690944e-05,892.2245165554978
3.705724000930786,889.2581882550725,2.9829798929870783,893.4551574672003,885.7776341735238,0.4839512290198068,0.02,0.007400989532470703,1.4052693843841553,0.009641411,0.039187435,886.2971227671544,935439,3.1244585514068604,1.8453491234105142e-05,1.9195056308636232e-05,892.1085725892605
3.924687147140503,888.6820266998022,3.9689660955709325,892.0897672024479,880.8907982363088,0.5130981982406,0.02,0.006751298904418945,1.3292384147644043,0.008562938,0.03572453,886.5356131604192,940439,1.4415826797485352,3.308360244791616e-05,3.479568721854371e-05,891.7065231282328
4.610657215118408,890.185291688285,3.9054679420943725,895.3130775809276,883.9603732707347,0.704947208132117,0.02,0.02559518814086914,1.4121549129486084,0.007944426,0.023790747,886.9005810132059,945439,1.4661810398101807,2.9989413050221356e-05,3.255716442598901e-05,892.0412048291504
4.12970495223999,888.0867025216546,1.822163837978203,890.5049061563074,885.4826076778025,0.5654766271102359,0.02,0.00597381591796875,4.898924112319946,0.009159002,0.013987341,887.0191931640508,950439,2.8181607723236084,2.6124445498918405e-05,1.2573196198087324e-05,890.810362785616
4.318558931350708,891.8100666628252,2.7220750322399967,896.0548949581257,889.186414568976,0.8418382234967586,0.02,0.00920724868774414,1.7253055572509766,0.009003561,0.008453996,887.4982805139282,955439,1.4346117973327637,1.176713931458199e-05,9.62080037861366e-06,892.4853923639284
4.065259695053101,888.8016564770733,2.5055578027543355,891.5668888604653,885.400287206497,1.0641226062806308,0.02,0.00763249397277832,3.5781002044677734,0.009284317,0.020644994,887.6286181102428,960439,1.6179649829864502,4.775021790489725e-05,0.0001269366247509841,890.4837875643601
4.155077695846558,885.6296337826367,3.1602878622392643,890.3560489693639,880.6385002333813,0.9637423633253025,0.02,0.05006861686706543,3.3462541103363037,0.009482079,0.02028928,887.4287196774823,965439,1.8276050090789795,0.00021556909826373022,7.85997641340686e-05,893.5448211724357
4.660355091094971,892.528696436493,3.01519585844361,895.9094208503841,887.8464312661619,0.7329328800994214,0.02,0.02701735496520996,3.089336633682251,0.008220366,0.030440006,887.9387173533834,970439,2.0597035884857178,2.8751901753049286e-05,7.813426084096833e-06,893.7744906809578
4.333751201629639,891.54189501251,1.518298306075738,894.32264088642,889.9900048433143,0.633026990714899,0.02,0.011169672012329102,2.9289183616638184,0.009741093,0.025969794,888.299035119296,975439,3.210721969604492,7.583217548616945e-06,6.435819046675454e-06,894.0732722589795
4.696640729904175,891.0880137942455,1.563765992226037,892.052204083844,887.970218081287,0.6830442240996668,0.02,0.018006324768066406,2.9037539958953857,0.008903977,0.019554205,888.577932986791,980439,2.385420799255371,1.106196700622644e-05,9.82865665292759e-06,893.9749375144936
4.355061054229736,894.8344933211529,1.437163301460031,897.2107258455425,893.3174998680591,0.6088113998432022,0.02,0.008512496948242188,1.487621545791626,0.009334189,0.021113565,889.2035890202271,985439,1.802494764328003,1.9147569250493638e-05,1.5308380364649973e-05,893.9625811698457
4.158112049102783,892.1422335993129,0.9133030915804686,893.1413653524522,890.4907369756561,0.7818292483965895,0.02,0.020266056060791016,2.566240072250366,0.00951232,0.016396055,889.4974534781358,990439,2.36201548576355,1.2083306664997933e-05,3.36384660006447e-06,894.3419910757359
3.9500951766967773,892.3178882731579,4.799917193581313,898.7865125198605,886.139523739878,0.4144529158278995,0.02,0.005571126937866211,4.528467655181885,0.009169525,0.031667624,889.779496957638,995439,3.451913595199585,8.719130768283686e-06,8.907623265744543e-06,894.14313045979
3.801176071166992,892.609616959982,2.9315545095303,897.9886848446642,889.616501418715,0.6770527135444555,0.02,0.007016897201538086,1.3248481750488281,0.0097891325,0.017580045,890.0625089578724,1000439,2.6830644607543945,3.826947799071762e-06,3.6809990991785742e-06,893.8749377908947
3.976111888885498,888.9074541196738,9.064928901671461,896.1461829250936,871.0080175125106,0.2845795200234682,0.02,0.006273031234741211,1.449904203414917,0.008766569,0.0404524,889.9470034740525,1005439,1.526970386505127,2.5010896735208248e-05,1.5764642079926215e-05,894.0726471853957
